timestamp,beacon_mac,motion_flag,event
2026-01-14T09:47:51-08:00,C8:5B:DF:4A:E0:24,1,movement
2026-01-14T09:49:15-08:00,C8:5B:DF:4A:E0:24,1,movement
2026-01-14T10:45:30-08:00,C8:5B:DF:4A:E0:24,1,movement
2026-01-14T10:46:31-08:00,C8:5B:DF:4A:E0:24,1,movement
2026-01-14T10:48:36-08:00,C8:5B:DF:4A:E0:24,1,movement
2026-01-14T10:50:42-08:00,C8:5B:DF:4A:E0:24,1,movement
2026-01-14T10:52:47-08:00,C8:5B:DF:4A:E0:24,1,movement
2026-01-14T11:03:48-08:00,C8:5B:DF:4A:E0:24,1,movement
2026-01-14T11:06:56-08:00,C8:5B:DF:4A:E0:24,1,movement
2026-01-14T11:10:02-08:00,C8:5B:DF:4A:E0:24,1,movement
2026-01-14T11:13:19-08:00,C8:5B:DF:4A:E0:24,1,movement
2026-01-14T11:21:54-08:00,C8:5B:DF:4A:E0:24,1,movement
2026-01-14T11:32:25-08:00,C8:5B:DF:4A:E0:24,1,movement
2026-01-14T12:00:19-08:00,C8:5B:DF:4A:E0:24,1,movement
2026-01-14T17:41:07-08:00,C8:5B:DF:4A:E0:24,1,movement
2026-01-14T18:46:01-08:00,C8:5B:DF:4A:E0:24,1,movement
2026-01-15T07:44:36-08:00,C8:5B:DF:4A:E0:24,1,movement
2026-01-15T08:43:41-08:00,C8:5B:DF:4A:E0:24,1,movement
2026-01-15T18:15:49-08:00,C8:5B:DF:4A:E0:24,1,movement
2026-01-15T18:40:04-08:00,C8:5B:DF:4A:E0:24,1,movement
2026-01-16T07:23:11-08:00,C8:5B:DF:4A:E0:24,1,movement
2026-01-16T07:30:30-08:00,C8:5B:DF:4A:E0:24,1,movement
2026-01-16T07:31:30-08:00,C8:5B:DF:4A:E0:24,1,movement
2026-01-16T07:34:57-08:00,C8:5B:DF:4A:E0:24,1,movement
2026-01-16T07:44:38-08:00,C8:5B:DF:4A:E0:24,1,movement
2026-01-16T07:45:38-08:00,C8:5B:DF:4A:E0:24,1,movement
2026-01-16T08:13:46-08:00,C8:5B:DF:4A:E0:24,1,movement
2026-01-16T08:51:49-08:00,C8:5B:DF:4A:E0:24,1,movement
2026-01-16T16:43:12-08:00,C8:5B:DF:4A:E0:24,6,feeding
2026-01-16T19:07:20-08:00,C8:5B:DF:4A:E0:24,6,feeding
2026-01-16T19:43:57-08:00,C8:5B:DF:4A:E0:24,5,feeding
2026-01-16T19:52:26-08:00,C8:5B:DF:4A:E0:24,5,feeding
2026-01-16T21:37:18-08:00,C8:5B:DF:4A:E0:24,7,feeding
2026-01-16T21:45:10-08:00,C8:5B:DF:4A:E0:24,5,feeding
2026-01-17T09:12:38-08:00,C8:5B:DF:4A:E0:24,7,feeding
2026-01-17T09:17:39-08:00,C8:5B:DF:4A:E0:24,59,feeding
2026-01-17T13:01:17-08:00,C8:5B:DF:4A:E0:24,5,feeding
2026-01-17T18:32:42-08:00,C8:5B:DF:4A:E0:24,5,feeding
2026-01-17T19:15:29-08:00,C8:5B:DF:4A:E0:24,1,movement
2026-01-17T19:20:31-08:00,C8:5B:DF:4A:E0:24,1,movement
2026-01-17T19:26:08-08:00,C8:5B:DF:4A:E0:24,1,movement
2026-01-17T19:31:47-08:00,C8:5B:DF:4A:E0:24,1,movement
2026-01-17T19:37:05-08:00,C8:5B:DF:4A:E0:24,1,movement
2026-01-17T19:44:51-08:00,C8:5B:DF:4A:E0:24,1,movement
2026-01-24T12:27:03-08:00,C8:5B:DF:4A:E0:24,1,movement
2026-01-24T12:28:21-08:00,C8:5B:DF:4A:E0:24,1,movement
2026-01-24T12:29:26-08:00,C8:5B:DF:4A:E0:24,1,movement
2026-01-24T12:30:29-08:00,C8:5B:DF:4A:E0:24,1,movement
2026-01-24T12:31:34-08:00,C8:5B:DF:4A:E0:24,1,movement
2026-01-24T12:32:40-08:00,C8:5B:DF:4A:E0:24,1,movement
2026-01-24T12:33:45-08:00,C8:5B:DF:4A:E0:24,1,movement
2026-01-24T12:34:52-08:00,C8:5B:DF:4A:E0:24,1,movement
2026-01-24T12:35:56-08:00,C8:5B:DF:4A:E0:24,1,movement
2026-01-24T12:37:01-08:00,C8:5B:DF:4A:E0:24,1,movement
2026-01-24T12:38:07-08:00,C8:5B:DF:4A:E0:24,1,movement
2026-01-24T12:39:11-08:00,C8:5B:DF:4A:E0:24,1,movement
2026-01-24T12:40:22-08:00,C8:5B:DF:4A:E0:24,1,movement
2026-01-24T12:57:01-08:00,C8:5B:DF:4A:E0:24,1,movement
2026-01-24T12:58:06-08:00,C8:5B:DF:4A:E0:24,1,movement
2026-01-24T12:59:12-08:00,C8:5B:DF:4A:E0:24,1,movement
2026-01-24T13:00:15-08:00,C8:5B:DF:4A:E0:24,1,movement
2026-01-24T13:01:20-08:00,C8:5B:DF:4A:E0:24,1,movement
2026-01-24T13:02:23-08:00,C8:5B:DF:4A:E0:24,1,movement
2026-01-24T13:03:28-08:00,C8:5B:DF:4A:E0:24,1,movement
2026-01-24T13:04:35-08:00,C8:5B:DF:4A:E0:24,1,movement
2026-01-24T13:05:41-08:00,C8:5B:DF:4A:E0:24,1,movement
2026-01-24T13:06:00-08:00,C8:5B:DF:4A:E0:24,1,movement
2026-01-24T13:07:03-08:00,C8:5B:DF:4A:E0:24,1,movement
2026-01-24T13:08:07-08:00,C8:5B:DF:4A:E0:24,1,movement
2026-01-24T13:09:12-08:00,C8:5B:DF:4A:E0:24,1,movement
2026-01-24T13:10:17-08:00,C8:5B:DF:4A:E0:24,1,movement
2026-01-24T13:11:22-08:00,C8:5B:DF:4A:E0:24,1,movement
2026-01-24T13:12:27-08:00,C8:5B:DF:4A:E0:24,1,movement
2026-01-24T13:13:34-08:00,C8:5B:DF:4A:E0:24,1,movement
2026-01-24T13:14:37-08:00,C8:5B:DF:4A:E0:24,1,movement
2026-01-24T13:15:45-08:00,C8:5B:DF:4A:E0:24,1,movement
2026-01-24T13:16:53-08:00,C8:5B:DF:4A:E0:24,1,movement
2026-01-24T13:17:59-08:00,C8:5B:DF:4A:E0:24,1,movement
2026-01-24T13:19:04-08:00,C8:5B:DF:4A:E0:24,1,movement
2026-01-24T13:20:07-08:00,C8:5B:DF:4A:E0:24,1,movement
2026-01-24T13:21:11-08:00,C8:5B:DF:4A:E0:24,1,movement
2026-01-24T13:22:17-08:00,C8:5B:DF:4A:E0:24,1,movement
2026-01-24T13:23:24-08:00,C8:5B:DF:4A:E0:24,1,movement
2026-01-24T13:24:27-08:00,C8:5B:DF:4A:E0:24,1,movement
2026-01-24T13:25:32-08:00,C8:5B:DF:4A:E0:24,1,movement
2026-01-24T13:26:37-08:00,C8:5B:DF:4A:E0:24,1,movement
2026-01-24T13:27:42-08:00,C8:5B:DF:4A:E0:24,1,movement
2026-01-24T13:28:48-08:00,C8:5B:DF:4A:E0:24,1,movement
2026-01-24T13:29:51-08:00,C8:5B:DF:4A:E0:24,1,movement
2026-01-24T13:30:55-08:00,C8:5B:DF:4A:E0:24,1,movement
2026-01-24T13:31:58-08:00,C8:5B:DF:4A:E0:24,1,movement
2026-01-24T13:33:03-08:00,C8:5B:DF:4A:E0:24,1,movement
2026-01-24T13:34:08-08:00,C8:5B:DF:4A:E0:24,1,movement
2026-01-24T13:35:23-08:00,C8:5B:DF:4A:E0:24,1,movement
2026-01-24T13:36:27-08:00,C8:5B:DF:4A:E0:24,1,movement
2026-01-24T13:37:29-08:00,C8:5B:DF:4A:E0:24,1,movement
2026-01-24T13:38:35-08:00,C8:5B:DF:4A:E0:24,1,movement
2026-01-24T13:39:40-08:00,C8:5B:DF:4A:E0:24,1,movement
2026-01-24T13:40:46-08:00,C8:5B:DF:4A:E0:24,1,movement
2026-01-24T13:41:51-08:00,C8:5B:DF:4A:E0:24,1,movement
2026-01-24T13:42:57-08:00,C8:5B:DF:4A:E0:24,1,movement
2026-01-24T13:44:02-08:00,C8:5B:DF:4A:E0:24,1,movement
2026-01-24T13:45:13-08:00,C8:5B:DF:4A:E0:24,1,movement
2026-01-24T13:46:17-08:00,C8:5B:DF:4A:E0:24,1,movement
2026-01-24T13:47:22-08:00,C8:5B:DF:4A:E0:24,1,movement
2026-01-24T13:48:27-08:00,C8:5B:DF:4A:E0:24,1,movement
2026-01-24T13:49:33-08:00,C8:5B:DF:4A:E0:24,1,movement
2026-01-24T13:50:38-08:00,C8:5B:DF:4A:E0:24,1,movement
2026-01-24T13:51:44-08:00,C8:5B:DF:4A:E0:24,1,movement
2026-01-24T13:52:49-08:00,C8:5B:DF:4A:E0:24,1,movement
2026-01-24T13:53:55-08:00,C8:5B:DF:4A:E0:24,1,movement
2026-01-24T13:55:01-08:00,C8:5B:DF:4A:E0:24,1,movement
2026-01-24T13:56:05-08:00,C8:5B:DF:4A:E0:24,1,movement
2026-01-24T13:57:10-08:00,C8:5B:DF:4A:E0:24,1,movement
2026-01-24T13:58:16-08:00,C8:5B:DF:4A:E0:24,1,movement
2026-01-24T13:59:21-08:00,C8:5B:DF:4A:E0:24,1,movement
2026-01-24T14:00:27-08:00,C8:5B:DF:4A:E0:24,1,movement
2026-01-24T14:01:33-08:00,C8:5B:DF:4A:E0:24,1,movement
2026-01-24T14:02:38-08:00,C8:5B:DF:4A:E0:24,1,movement
2026-01-24T14:03:43-08:00,C8:5B:DF:4A:E0:24,1,movement
2026-01-24T14:04:49-08:00,C8:5B:DF:4A:E0:24,1,movement
2026-01-24T14:05:55-08:00,C8:5B:DF:4A:E0:24,1,movement
2026-01-24T14:07:01-08:00,C8:5B:DF:4A:E0:24,1,movement
2026-01-24T14:08:06-08:00,C8:5B:DF:4A:E0:24,1,movement
2026-01-24T14:09:11-08:00,C8:5B:DF:4A:E0:24,1,movement
2026-01-24T14:10:17-08:00,C8:5B:DF:4A:E0:24,1,movement
2026-01-24T14:11:22-08:00,C8:5B:DF:4A:E0:24,1,movement
2026-01-24T14:12:28-08:00,C8:5B:DF:4A:E0:24,1,movement
2026-01-24T14:13:33-08:00,C8:5B:DF:4A:E0:24,1,movement
2026-01-24T14:14:39-08:00,C8:5B:DF:4A:E0:24,1,movement
2026-01-24T14:15:44-08:00,C8:5B:DF:4A:E0:24,1,movement
2026-01-24T14:16:47-08:00,C8:5B:DF:4A:E0:24,1,movement
2026-01-24T14:17:52-08:00,C8:5B:DF:4A:E0:24,1,movement
2026-01-24T14:18:58-08:00,C8:5B:DF:4A:E0:24,1,movement
2026-01-24T14:20:00-08:00,C8:5B:DF:4A:E0:24,1,movement
2026-01-24T14:21:06-08:00,C8:5B:DF:4A:E0:24,1,movement
2026-01-24T14:22:09-08:00,C8:5B:DF:4A:E0:24,1,movement
2026-01-24T14:23:14-08:00,C8:5B:DF:4A:E0:24,1,movement
2026-01-24T14:24:19-08:00,C8:5B:DF:4A:E0:24,1,movement
2026-01-24T14:25:27-08:00,C8:5B:DF:4A:E0:24,1,movement
2026-01-24T14:26:33-08:00,C8:5B:DF:4A:E0:24,1,movement
2026-01-24T14:27:39-08:00,C8:5B:DF:4A:E0:24,1,movement
2026-01-24T14:28:44-08:00,C8:5B:DF:4A:E0:24,1,movement
2026-01-24T14:29:50-08:00,C8:5B:DF:4A:E0:24,1,movement
2026-01-24T14:30:55-08:00,C8:5B:DF:4A:E0:24,1,movement
2026-01-24T14:31:58-08:00,C8:5B:DF:4A:E0:24,1,movement
2026-01-24T14:33:03-08:00,C8:5B:DF:4A:E0:24,1,movement
2026-01-24T14:34:08-08:00,C8:5B:DF:4A:E0:24,1,movement
2026-01-24T14:35:23-08:00,C8:5B:DF:4A:E0:24,1,movement
2026-01-24T14:36:29-08:00,C8:5B:DF:4A:E0:24,1,movement
2026-01-24T14:37:35-08:00,C8:5B:DF:4A:E0:24,1,movement
2026-01-24T14:38:40-08:00,C8:5B:DF:4A:E0:24,1,movement
2026-01-24T14:39:43-08:00,C8:5B:DF:4A:E0:24,1,movement
2026-01-24T14:40:46-08:00,C8:5B:DF:4A:E0:24,1,movement
2026-01-24T14:41:52-08:00,C8:5B:DF:4A:E0:24,1,movement
2026-01-24T14:42:56-08:00,C8:5B:DF:4A:E0:24,1,movement
2026-01-24T14:43:59-08:00,C8:5B:DF:4A:E0:24,1,movement
2026-01-24T14:45:02-08:00,C8:5B:DF:4A:E0:24,1,movement
2026-01-24T14:46:05-08:00,C8:5B:DF:4A:E0:24,1,movement
2026-01-24T14:47:12-08:00,C8:5B:DF:4A:E0:24,1,movement
2026-01-24T14:48:17-08:00,C8:5B:DF:4A:E0:24,1,movement
2026-01-24T14:49:23-08:00,C8:5B:DF:4A:E0:24,1,movement
2026-01-24T14:50:28-08:00,C8:5B:DF:4A:E0:24,1,movement
2026-01-24T14:51:33-08:00,C8:5B:DF:4A:E0:24,1,movement
2026-01-24T14:52:38-08:00,C8:5B:DF:4A:E0:24,1,movement
2026-01-24T14:53:44-08:00,C8:5B:DF:4A:E0:24,1,movement
2026-01-24T14:54:49-08:00,C8:5B:DF:4A:E0:24,1,movement
2026-01-24T14:55:52-08:00,C8:5B:DF:4A:E0:24,1,movement
2026-01-24T14:56:57-08:00,C8:5B:DF:4A:E0:24,1,movement
2026-01-24T14:58:02-08:00,C8:5B:DF:4A:E0:24,1,movement
2026-01-24T14:59:06-08:00,C8:5B:DF:4A:E0:24,1,movement
2026-01-24T15:00:12-08:00,C8:5B:DF:4A:E0:24,1,movement
2026-01-24T15:01:15-08:00,C8:5B:DF:4A:E0:24,1,movement
2026-01-24T15:02:18-08:00,C8:5B:DF:4A:E0:24,1,movement
2026-01-24T15:03:22-08:00,C8:5B:DF:4A:E0:24,1,movement
2026-01-24T15:04:26-08:00,C8:5B:DF:4A:E0:24,1,movement
2026-01-24T15:05:32-08:00,C8:5B:DF:4A:E0:24,1,movement
2026-01-24T15:06:35-08:00,C8:5B:DF:4A:E0:24,1,movement
2026-01-24T15:07:39-08:00,C8:5B:DF:4A:E0:24,1,movement
2026-01-24T15:08:43-08:00,C8:5B:DF:4A:E0:24,1,movement
2026-01-24T15:09:46-08:00,C8:5B:DF:4A:E0:24,1,movement
2026-01-24T15:10:50-08:00,C8:5B:DF:4A:E0:24,1,movement
2026-01-24T15:11:55-08:00,C8:5B:DF:4A:E0:24,1,movement
2026-01-24T15:12:59-08:00,C8:5B:DF:4A:E0:24,1,movement
2026-01-24T15:14:02-08:00,C8:5B:DF:4A:E0:24,1,movement
2026-01-24T15:15:09-08:00,C8:5B:DF:4A:E0:24,1,movement
2026-01-24T15:16:12-08:00,C8:5B:DF:4A:E0:24,1,movement
2026-01-24T15:17:25-08:00,C8:5B:DF:4A:E0:24,1,movement
2026-01-24T15:18:30-08:00,C8:5B:DF:4A:E0:24,1,movement
2026-01-24T15:19:36-08:00,C8:5B:DF:4A:E0:24,1,movement
2026-01-24T15:20:40-08:00,C8:5B:DF:4A:E0:24,1,movement
2026-01-24T15:21:44-08:00,C8:5B:DF:4A:E0:24,1,movement
2026-01-24T15:22:48-08:00,C8:5B:DF:4A:E0:24,1,movement
2026-01-24T15:23:52-08:00,C8:5B:DF:4A:E0:24,1,movement
2026-01-24T15:24:58-08:00,C8:5B:DF:4A:E0:24,1,movement
2026-01-24T15:26:02-08:00,C8:5B:DF:4A:E0:24,1,movement
2026-01-24T15:27:06-08:00,C8:5B:DF:4A:E0:24,1,movement
2026-01-24T15:28:11-08:00,C8:5B:DF:4A:E0:24,1,movement
2026-01-24T15:29:16-08:00,C8:5B:DF:4A:E0:24,1,movement
2026-01-24T15:30:20-08:00,C8:5B:DF:4A:E0:24,1,movement
2026-01-24T15:31:25-08:00,C8:5B:DF:4A:E0:24,1,movement
2026-01-24T15:32:30-08:00,C8:5B:DF:4A:E0:24,1,movement
2026-01-24T15:33:34-08:00,C8:5B:DF:4A:E0:24,1,movement
2026-01-24T15:34:38-08:00,C8:5B:DF:4A:E0:24,1,movement
2026-01-24T15:35:43-08:00,C8:5B:DF:4A:E0:24,1,movement
2026-01-24T15:36:47-08:00,C8:5B:DF:4A:E0:24,1,movement
2026-01-24T15:37:52-08:00,C8:5B:DF:4A:E0:24,1,movement
2026-01-24T15:38:56-08:00,C8:5B:DF:4A:E0:24,1,movement
2026-01-24T15:40:00-08:00,C8:5B:DF:4A:E0:24,1,movement
2026-01-24T15:41:04-08:00,C8:5B:DF:4A:E0:24,1,movement
2026-01-24T15:42:08-08:00,C8:5B:DF:4A:E0:24,1,movement
2026-01-24T15:43:13-08:00,C8:5B:DF:4A:E0:24,1,movement
2026-01-24T15:44:17-08:00,C8:5B:DF:4A:E0:24,1,movement
2026-01-24T15:45:25-08:00,C8:5B:DF:4A:E0:24,1,movement
2026-01-24T15:46:29-08:00,C8:5B:DF:4A:E0:24,1,movement
2026-01-24T15:47:33-08:00,C8:5B:DF:4A:E0:24,1,movement
2026-01-24T15:48:38-08:00,C8:5B:DF:4A:E0:24,1,movement
2026-01-24T15:49:43-08:00,C8:5B:DF:4A:E0:24,1,movement
2026-01-24T15:50:48-08:00,C8:5B:DF:4A:E0:24,1,movement
2026-01-24T15:51:53-08:00,C8:5B:DF:4A:E0:24,1,movement
2026-01-24T15:52:58-08:00,C8:5B:DF:4A:E0:24,1,movement
2026-01-24T15:54:04-08:00,C8:5B:DF:4A:E0:24,1,movement
2026-01-24T15:55:20-08:00,C8:5B:DF:4A:E0:24,1,movement
2026-01-24T15:56:22-08:00,C8:5B:DF:4A:E0:24,1,movement
2026-01-24T15:57:28-08:00,C8:5B:DF:4A:E0:24,1,movement
2026-01-24T15:58:30-08:00,C8:5B:DF:4A:E0:24,1,movement
2026-01-24T15:59:33-08:00,C8:5B:DF:4A:E0:24,1,movement
2026-01-24T16:00:36-08:00,C8:5B:DF:4A:E0:24,1,movement
2026-01-24T16:01:39-08:00,C8:5B:DF:4A:E0:24,1,movement
2026-01-24T16:02:45-08:00,C8:5B:DF:4A:E0:24,1,movement
2026-01-24T16:03:47-08:00,C8:5B:DF:4A:E0:24,1,movement
2026-01-24T16:04:53-08:00,C8:5B:DF:4A:E0:24,1,movement
2026-01-24T16:05:58-08:00,C8:5B:DF:4A:E0:24,1,movement
2026-01-24T16:07:01-08:00,C8:5B:DF:4A:E0:24,1,movement
2026-01-24T16:08:04-08:00,C8:5B:DF:4A:E0:24,1,movement
2026-01-24T16:09:07-08:00,C8:5B:DF:4A:E0:24,1,movement
2026-01-24T16:10:10-08:00,C8:5B:DF:4A:E0:24,1,movement
2026-01-24T16:11:13-08:00,C8:5B:DF:4A:E0:24,1,movement
2026-01-24T16:12:16-08:00,C8:5B:DF:4A:E0:24,1,movement
2026-01-24T16:13:20-08:00,C8:5B:DF:4A:E0:24,1,movement
2026-01-24T16:14:28-08:00,C8:5B:DF:4A:E0:24,1,movement
2026-01-24T16:15:36-08:00,C8:5B:DF:4A:E0:24,1,movement
2026-01-24T16:16:40-08:00,C8:5B:DF:4A:E0:24,1,movement
2026-01-24T16:17:44-08:00,C8:5B:DF:4A:E0:24,1,movement
2026-01-24T16:18:50-08:00,C8:5B:DF:4A:E0:24,1,movement
2026-01-24T16:19:53-08:00,C8:5B:DF:4A:E0:24,1,movement
2026-01-24T16:20:56-08:00,C8:5B:DF:4A:E0:24,1,movement
2026-01-24T16:21:59-08:00,C8:5B:DF:4A:E0:24,1,movement
2026-01-24T16:23:03-08:00,C8:5B:DF:4A:E0:24,1,movement
2026-01-24T16:24:07-08:00,C8:5B:DF:4A:E0:24,1,movement
2026-01-24T16:25:28-08:00,C8:5B:DF:4A:E0:24,1,movement
2026-01-24T16:26:32-08:00,C8:5B:DF:4A:E0:24,1,movement
2026-01-24T16:27:35-08:00,C8:5B:DF:4A:E0:24,1,movement
2026-01-24T16:28:39-08:00,C8:5B:DF:4A:E0:24,1,movement
2026-01-24T16:29:42-08:00,C8:5B:DF:4A:E0:24,1,movement
2026-01-24T16:30:48-08:00,C8:5B:DF:4A:E0:24,1,movement
2026-01-24T16:31:51-08:00,C8:5B:DF:4A:E0:24,1,movement
2026-01-24T16:32:56-08:00,C8:5B:DF:4A:E0:24,1,movement
2026-01-24T16:34:00-08:00,C8:5B:DF:4A:E0:24,1,movement
2026-01-24T16:35:05-08:00,C8:5B:DF:4A:E0:24,1,movement
2026-01-24T16:36:11-08:00,C8:5B:DF:4A:E0:24,1,movement
2026-01-24T16:37:16-08:00,C8:5B:DF:4A:E0:24,1,movement
2026-01-24T16:38:19-08:00,C8:5B:DF:4A:E0:24,1,movement
2026-01-24T16:39:25-08:00,C8:5B:DF:4A:E0:24,1,movement
2026-01-24T16:40:29-08:00,C8:5B:DF:4A:E0:24,1,movement
2026-01-24T16:41:32-08:00,C8:5B:DF:4A:E0:24,1,movement
2026-01-24T16:42:36-08:00,C8:5B:DF:4A:E0:24,1,movement
2026-01-24T16:43:43-08:00,C8:5B:DF:4A:E0:24,1,movement
2026-01-24T16:44:46-08:00,C8:5B:DF:4A:E0:24,1,movement
2026-01-24T16:45:53-08:00,C8:5B:DF:4A:E0:24,1,movement
2026-01-24T16:46:59-08:00,C8:5B:DF:4A:E0:24,1,movement
2026-01-24T16:48:05-08:00,C8:5B:DF:4A:E0:24,1,movement
2026-01-24T16:49:08-08:00,C8:5B:DF:4A:E0:24,1,movement
2026-01-24T16:50:14-08:00,C8:5B:DF:4A:E0:24,1,movement
2026-01-24T16:51:18-08:00,C8:5B:DF:4A:E0:24,1,movement
2026-01-24T16:52:26-08:00,C8:5B:DF:4A:E0:24,1,movement
2026-01-24T16:53:31-08:00,C8:5B:DF:4A:E0:24,1,movement
2026-01-24T16:54:37-08:00,C8:5B:DF:4A:E0:24,1,movement
2026-01-24T16:55:41-08:00,C8:5B:DF:4A:E0:24,1,movement
2026-01-24T16:56:45-08:00,C8:5B:DF:4A:E0:24,1,movement
2026-01-24T16:57:48-08:00,C8:5B:DF:4A:E0:24,1,movement
2026-01-24T16:58:51-08:00,C8:5B:DF:4A:E0:24,1,movement
2026-01-24T16:59:54-08:00,C8:5B:DF:4A:E0:24,1,movement
2026-01-24T17:00:57-08:00,C8:5B:DF:4A:E0:24,1,movement
2026-01-24T17:02:03-08:00,C8:5B:DF:4A:E0:24,1,movement
2026-01-24T17:03:09-08:00,C8:5B:DF:4A:E0:24,1,movement
2026-01-24T17:04:14-08:00,C8:5B:DF:4A:E0:24,1,movement
2026-01-24T17:05:26-08:00,C8:5B:DF:4A:E0:24,1,movement
2026-01-24T17:06:29-08:00,C8:5B:DF:4A:E0:24,1,movement
2026-01-24T17:07:34-08:00,C8:5B:DF:4A:E0:24,1,movement
2026-01-24T17:08:39-08:00,C8:5B:DF:4A:E0:24,1,movement
2026-01-24T17:09:42-08:00,C8:5B:DF:4A:E0:24,1,movement
2026-01-24T17:10:49-08:00,C8:5B:DF:4A:E0:24,1,movement
2026-01-24T17:11:51-08:00,C8:5B:DF:4A:E0:24,1,movement
2026-01-24T17:12:54-08:00,C8:5B:DF:4A:E0:24,1,movement
2026-01-24T17:14:00-08:00,C8:5B:DF:4A:E0:24,1,movement
2026-01-24T17:15:11-08:00,C8:5B:DF:4A:E0:24,1,movement
2026-01-24T17:16:17-08:00,C8:5B:DF:4A:E0:24,1,movement
2026-01-24T17:17:25-08:00,C8:5B:DF:4A:E0:24,1,movement
2026-01-24T17:18:28-08:00,C8:5B:DF:4A:E0:24,1,movement
2026-01-24T17:19:32-08:00,C8:5B:DF:4A:E0:24,1,movement
2026-01-24T17:20:37-08:00,C8:5B:DF:4A:E0:24,1,movement
2026-01-24T17:21:41-08:00,C8:5B:DF:4A:E0:24,1,movement
2026-01-24T17:22:45-08:00,C8:5B:DF:4A:E0:24,1,movement
2026-01-24T17:23:49-08:00,C8:5B:DF:4A:E0:24,1,movement
2026-01-24T17:24:56-08:00,C8:5B:DF:4A:E0:24,1,movement
2026-01-24T17:26:01-08:00,C8:5B:DF:4A:E0:24,1,movement
2026-01-24T17:27:04-08:00,C8:5B:DF:4A:E0:24,1,movement
2026-01-24T17:28:10-08:00,C8:5B:DF:4A:E0:24,1,movement
2026-01-24T17:29:13-08:00,C8:5B:DF:4A:E0:24,1,movement
2026-01-24T17:30:17-08:00,C8:5B:DF:4A:E0:24,1,movement
2026-01-24T17:31:20-08:00,C8:5B:DF:4A:E0:24,1,movement
2026-01-24T17:32:22-08:00,C8:5B:DF:4A:E0:24,1,movement
2026-01-24T17:33:25-08:00,C8:5B:DF:4A:E0:24,1,movement
2026-01-24T17:34:28-08:00,C8:5B:DF:4A:E0:24,1,movement
2026-01-24T17:35:33-08:00,C8:5B:DF:4A:E0:24,1,movement
2026-01-24T17:36:36-08:00,C8:5B:DF:4A:E0:24,1,movement
2026-01-24T17:37:40-08:00,C8:5B:DF:4A:E0:24,1,movement
2026-01-24T17:38:46-08:00,C8:5B:DF:4A:E0:24,1,movement
2026-01-24T17:39:49-08:00,C8:5B:DF:4A:E0:24,1,movement
2026-01-24T17:40:51-08:00,C8:5B:DF:4A:E0:24,1,movement
2026-01-24T17:41:54-08:00,C8:5B:DF:4A:E0:24,1,movement
2026-01-24T17:42:57-08:00,C8:5B:DF:4A:E0:24,1,movement
2026-01-24T17:44:02-08:00,C8:5B:DF:4A:E0:24,1,movement
2026-01-24T17:45:08-08:00,C8:5B:DF:4A:E0:24,1,movement
2026-01-24T17:46:11-08:00,C8:5B:DF:4A:E0:24,1,movement
2026-01-24T17:47:15-08:00,C8:5B:DF:4A:E0:24,1,movement
2026-01-24T17:48:20-08:00,C8:5B:DF:4A:E0:24,1,movement
2026-01-24T17:49:23-08:00,C8:5B:DF:4A:E0:24,1,movement
2026-01-24T17:50:27-08:00,C8:5B:DF:4A:E0:24,1,movement
2026-01-24T17:51:32-08:00,C8:5B:DF:4A:E0:24,1,movement
2026-01-24T17:52:35-08:00,C8:5B:DF:4A:E0:24,1,movement
2026-01-24T17:53:39-08:00,C8:5B:DF:4A:E0:24,1,movement
2026-01-24T17:54:44-08:00,C8:5B:DF:4A:E0:24,1,movement
2026-01-24T17:55:50-08:00,C8:5B:DF:4A:E0:24,1,movement
2026-01-24T17:56:53-08:00,C8:5B:DF:4A:E0:24,1,movement
2026-01-24T17:57:58-08:00,C8:5B:DF:4A:E0:24,1,movement
2026-01-24T17:59:04-08:00,C8:5B:DF:4A:E0:24,1,movement
2026-01-24T18:00:07-08:00,C8:5B:DF:4A:E0:24,1,movement
2026-01-24T18:01:10-08:00,C8:5B:DF:4A:E0:24,1,movement
2026-01-24T18:02:13-08:00,C8:5B:DF:4A:E0:24,1,movement
2026-01-24T18:03:17-08:00,C8:5B:DF:4A:E0:24,1,movement
2026-01-24T18:04:21-08:00,C8:5B:DF:4A:E0:24,1,movement
2026-01-24T18:05:25-08:00,C8:5B:DF:4A:E0:24,1,movement
2026-01-24T18:06:28-08:00,C8:5B:DF:4A:E0:24,1,movement
2026-01-24T18:07:33-08:00,C8:5B:DF:4A:E0:24,1,movement
2026-01-24T18:08:39-08:00,C8:5B:DF:4A:E0:24,1,movement
2026-01-24T18:09:45-08:00,C8:5B:DF:4A:E0:24,1,movement
2026-01-24T18:10:48-08:00,C8:5B:DF:4A:E0:24,1,movement
2026-01-24T18:11:51-08:00,C8:5B:DF:4A:E0:24,1,movement
2026-01-24T18:12:54-08:00,C8:5B:DF:4A:E0:24,1,movement
2026-01-24T18:13:59-08:00,C8:5B:DF:4A:E0:24,1,movement
2026-01-24T18:15:02-08:00,C8:5B:DF:4A:E0:24,1,movement
2026-01-24T18:16:07-08:00,C8:5B:DF:4A:E0:24,1,movement
2026-01-24T18:17:23-08:00,C8:5B:DF:4A:E0:24,1,movement
2026-01-24T18:18:26-08:00,C8:5B:DF:4A:E0:24,1,movement
2026-01-24T18:19:31-08:00,C8:5B:DF:4A:E0:24,1,movement
2026-01-24T18:20:36-08:00,C8:5B:DF:4A:E0:24,1,movement
2026-01-24T18:21:42-08:00,C8:5B:DF:4A:E0:24,1,movement
2026-01-24T18:22:48-08:00,C8:5B:DF:4A:E0:24,1,movement
2026-01-24T18:23:52-08:00,C8:5B:DF:4A:E0:24,1,movement
2026-01-24T18:24:57-08:00,C8:5B:DF:4A:E0:24,1,movement
2026-01-24T18:26:02-08:00,C8:5B:DF:4A:E0:24,1,movement
2026-01-24T18:27:05-08:00,C8:5B:DF:4A:E0:24,1,movement
2026-01-24T18:28:08-08:00,C8:5B:DF:4A:E0:24,1,movement
2026-01-24T18:29:11-08:00,C8:5B:DF:4A:E0:24,1,movement
2026-01-24T18:30:15-08:00,C8:5B:DF:4A:E0:24,1,movement
2026-01-24T18:31:18-08:00,C8:5B:DF:4A:E0:24,1,movement
2026-01-24T18:32:22-08:00,C8:5B:DF:4A:E0:24,1,movement
2026-01-24T18:33:27-08:00,C8:5B:DF:4A:E0:24,1,movement
2026-01-24T18:34:33-08:00,C8:5B:DF:4A:E0:24,1,movement
2026-01-24T18:35:40-08:00,C8:5B:DF:4A:E0:24,1,movement
2026-01-24T18:36:43-08:00,C8:5B:DF:4A:E0:24,1,movement
2026-01-24T18:37:48-08:00,C8:5B:DF:4A:E0:24,1,movement
2026-01-24T18:38:51-08:00,C8:5B:DF:4A:E0:24,1,movement
2026-01-24T18:39:58-08:00,C8:5B:DF:4A:E0:24,1,movement
2026-01-24T18:41:03-08:00,C8:5B:DF:4A:E0:24,1,movement
2026-01-24T18:42:09-08:00,C8:5B:DF:4A:E0:24,1,movement
2026-01-24T18:43:13-08:00,C8:5B:DF:4A:E0:24,1,movement
2026-01-24T18:44:17-08:00,C8:5B:DF:4A:E0:24,1,movement
2026-01-24T18:45:26-08:00,C8:5B:DF:4A:E0:24,1,movement
2026-01-24T18:46:29-08:00,C8:5B:DF:4A:E0:24,1,movement
2026-01-24T18:47:32-08:00,C8:5B:DF:4A:E0:24,1,movement
2026-01-24T18:48:35-08:00,C8:5B:DF:4A:E0:24,1,movement
2026-01-24T18:49:37-08:00,C8:5B:DF:4A:E0:24,1,movement
2026-01-24T18:50:40-08:00,C8:5B:DF:4A:E0:24,1,movement
2026-01-24T18:51:44-08:00,C8:5B:DF:4A:E0:24,1,movement
2026-01-24T18:52:47-08:00,C8:5B:DF:4A:E0:24,1,movement
2026-01-24T18:53:53-08:00,C8:5B:DF:4A:E0:24,1,movement
2026-01-24T18:54:59-08:00,C8:5B:DF:4A:E0:24,1,movement
2026-01-24T18:56:04-08:00,C8:5B:DF:4A:E0:24,1,movement
2026-01-24T18:57:06-08:00,C8:5B:DF:4A:E0:24,1,movement
2026-01-24T18:58:09-08:00,C8:5B:DF:4A:E0:24,1,movement
2026-01-24T18:59:15-08:00,C8:5B:DF:4A:E0:24,1,movement
2026-01-24T19:00:19-08:00,C8:5B:DF:4A:E0:24,1,movement
2026-01-24T19:01:24-08:00,C8:5B:DF:4A:E0:24,1,movement
2026-01-24T19:02:31-08:00,C8:5B:DF:4A:E0:24,1,movement
2026-01-24T19:03:35-08:00,C8:5B:DF:4A:E0:24,1,movement
2026-01-24T19:04:40-08:00,C8:5B:DF:4A:E0:24,1,movement
2026-01-24T19:05:45-08:00,C8:5B:DF:4A:E0:24,1,movement
2026-01-24T19:06:50-08:00,C8:5B:DF:4A:E0:24,1,movement
2026-01-24T19:07:55-08:00,C8:5B:DF:4A:E0:24,1,movement
2026-01-24T19:08:59-08:00,C8:5B:DF:4A:E0:24,1,movement
2026-01-24T19:10:03-08:00,C8:5B:DF:4A:E0:24,1,movement
2026-01-24T19:11:06-08:00,C8:5B:DF:4A:E0:24,1,movement
2026-01-24T19:12:09-08:00,C8:5B:DF:4A:E0:24,1,movement
2026-01-24T19:13:12-08:00,C8:5B:DF:4A:E0:24,1,movement
2026-01-24T19:14:15-08:00,C8:5B:DF:4A:E0:24,1,movement
2026-01-24T19:15:24-08:00,C8:5B:DF:4A:E0:24,1,movement
2026-01-24T19:16:28-08:00,C8:5B:DF:4A:E0:24,1,movement
2026-01-24T19:17:32-08:00,C8:5B:DF:4A:E0:24,1,movement
2026-01-24T19:18:37-08:00,C8:5B:DF:4A:E0:24,1,movement
2026-01-24T19:19:43-08:00,C8:5B:DF:4A:E0:24,1,movement
2026-01-24T19:20:49-08:00,C8:5B:DF:4A:E0:24,1,movement
2026-01-24T19:21:55-08:00,C8:5B:DF:4A:E0:24,1,movement
2026-01-24T19:22:59-08:00,C8:5B:DF:4A:E0:24,1,movement
2026-01-24T19:24:01-08:00,C8:5B:DF:4A:E0:24,1,movement
2026-01-24T19:25:15-08:00,C8:5B:DF:4A:E0:24,1,movement
2026-01-24T19:26:19-08:00,C8:5B:DF:4A:E0:24,1,movement
2026-01-24T19:27:22-08:00,C8:5B:DF:4A:E0:24,1,movement
2026-01-24T19:28:27-08:00,C8:5B:DF:4A:E0:24,1,movement
2026-01-24T19:29:31-08:00,C8:5B:DF:4A:E0:24,1,movement
2026-01-24T19:30:34-08:00,C8:5B:DF:4A:E0:24,1,movement
2026-01-24T19:31:38-08:00,C8:5B:DF:4A:E0:24,1,movement
2026-01-24T19:32:43-08:00,C8:5B:DF:4A:E0:24,1,movement
2026-01-24T19:33:47-08:00,C8:5B:DF:4A:E0:24,1,movement
2026-01-24T19:34:54-08:00,C8:5B:DF:4A:E0:24,1,movement
2026-01-24T19:35:59-08:00,C8:5B:DF:4A:E0:24,1,movement
2026-01-24T19:37:03-08:00,C8:5B:DF:4A:E0:24,1,movement
2026-01-24T19:38:08-08:00,C8:5B:DF:4A:E0:24,1,movement
2026-01-24T19:39:13-08:00,C8:5B:DF:4A:E0:24,1,movement
2026-01-24T19:40:19-08:00,C8:5B:DF:4A:E0:24,1,movement
2026-01-24T19:41:24-08:00,C8:5B:DF:4A:E0:24,1,movement
2026-01-24T19:42:28-08:00,C8:5B:DF:4A:E0:24,1,movement
2026-01-24T19:43:33-08:00,C8:5B:DF:4A:E0:24,1,movement
2026-01-24T19:44:36-08:00,C8:5B:DF:4A:E0:24,1,movement
2026-01-24T19:45:40-08:00,C8:5B:DF:4A:E0:24,1,movement
2026-01-24T19:46:43-08:00,C8:5B:DF:4A:E0:24,1,movement
2026-01-24T19:47:48-08:00,C8:5B:DF:4A:E0:24,1,movement
2026-01-24T19:48:52-08:00,C8:5B:DF:4A:E0:24,1,movement
2026-01-24T19:49:57-08:00,C8:5B:DF:4A:E0:24,1,movement
2026-01-24T19:51:02-08:00,C8:5B:DF:4A:E0:24,1,movement
2026-01-24T19:52:05-08:00,C8:5B:DF:4A:E0:24,1,movement
2026-01-24T19:53:10-08:00,C8:5B:DF:4A:E0:24,1,movement
2026-01-24T19:54:15-08:00,C8:5B:DF:4A:E0:24,1,movement
2026-01-24T19:55:28-08:00,C8:5B:DF:4A:E0:24,1,movement
2026-01-24T19:56:33-08:00,C8:5B:DF:4A:E0:24,1,movement
2026-01-24T19:57:39-08:00,C8:5B:DF:4A:E0:24,1,movement
2026-01-24T19:58:45-08:00,C8:5B:DF:4A:E0:24,1,movement
2026-01-24T19:59:50-08:00,C8:5B:DF:4A:E0:24,1,movement
2026-01-24T20:00:55-08:00,C8:5B:DF:4A:E0:24,1,movement
2026-01-24T20:02:00-08:00,C8:5B:DF:4A:E0:24,1,movement
2026-01-24T20:03:04-08:00,C8:5B:DF:4A:E0:24,1,movement
2026-01-24T20:04:09-08:00,C8:5B:DF:4A:E0:24,1,movement
2026-01-24T20:05:22-08:00,C8:5B:DF:4A:E0:24,1,movement
2026-01-24T20:06:27-08:00,C8:5B:DF:4A:E0:24,1,movement
2026-01-24T20:07:32-08:00,C8:5B:DF:4A:E0:24,1,movement
2026-01-24T20:08:35-08:00,C8:5B:DF:4A:E0:24,1,movement
2026-01-24T20:09:40-08:00,C8:5B:DF:4A:E0:24,1,movement
2026-01-24T20:10:46-08:00,C8:5B:DF:4A:E0:24,1,movement
2026-01-24T20:11:51-08:00,C8:5B:DF:4A:E0:24,1,movement
2026-01-24T20:12:57-08:00,C8:5B:DF:4A:E0:24,1,movement
2026-01-24T20:14:02-08:00,C8:5B:DF:4A:E0:24,1,movement
2026-01-24T20:15:18-08:00,C8:5B:DF:4A:E0:24,1,movement
2026-01-24T20:16:25-08:00,C8:5B:DF:4A:E0:24,1,movement
2026-01-24T20:17:35-08:00,C8:5B:DF:4A:E0:24,1,movement
2026-01-24T20:18:41-08:00,C8:5B:DF:4A:E0:24,1,movement
2026-01-24T20:19:47-08:00,C8:5B:DF:4A:E0:24,1,movement
2026-01-24T20:20:54-08:00,C8:5B:DF:4A:E0:24,1,movement
2026-01-24T20:22:00-08:00,C8:5B:DF:4A:E0:24,1,movement
2026-01-24T20:23:06-08:00,C8:5B:DF:4A:E0:24,1,movement
2026-01-24T20:24:11-08:00,C8:5B:DF:4A:E0:24,1,movement
2026-01-24T20:25:27-08:00,C8:5B:DF:4A:E0:24,1,movement
2026-01-24T20:26:31-08:00,C8:5B:DF:4A:E0:24,1,movement
2026-01-24T20:27:36-08:00,C8:5B:DF:4A:E0:24,1,movement
2026-01-24T20:28:43-08:00,C8:5B:DF:4A:E0:24,1,movement
2026-01-24T20:29:46-08:00,C8:5B:DF:4A:E0:24,1,movement
2026-01-24T20:30:51-08:00,C8:5B:DF:4A:E0:24,1,movement
2026-01-24T20:31:55-08:00,C8:5B:DF:4A:E0:24,1,movement
2026-01-24T20:32:59-08:00,C8:5B:DF:4A:E0:24,1,movement
2026-01-24T20:34:03-08:00,C8:5B:DF:4A:E0:24,1,movement
2026-01-24T20:35:13-08:00,C8:5B:DF:4A:E0:24,1,movement
2026-01-24T20:36:15-08:00,C8:5B:DF:4A:E0:24,1,movement
2026-01-24T20:37:19-08:00,C8:5B:DF:4A:E0:24,1,movement
2026-01-24T20:38:24-08:00,C8:5B:DF:4A:E0:24,1,movement
2026-01-24T20:39:27-08:00,C8:5B:DF:4A:E0:24,1,movement
2026-01-24T20:40:32-08:00,C8:5B:DF:4A:E0:24,1,movement
2026-01-24T20:41:36-08:00,C8:5B:DF:4A:E0:24,1,movement
2026-01-24T20:42:41-08:00,C8:5B:DF:4A:E0:24,1,movement
2026-01-24T20:43:46-08:00,C8:5B:DF:4A:E0:24,1,movement
2026-01-24T20:44:49-08:00,C8:5B:DF:4A:E0:24,1,movement
2026-01-24T20:45:53-08:00,C8:5B:DF:4A:E0:24,1,movement
2026-01-24T20:46:59-08:00,C8:5B:DF:4A:E0:24,1,movement
2026-01-24T20:48:02-08:00,C8:5B:DF:4A:E0:24,1,movement
2026-01-24T20:49:06-08:00,C8:5B:DF:4A:E0:24,1,movement
2026-01-24T20:50:09-08:00,C8:5B:DF:4A:E0:24,1,movement
2026-01-24T20:51:15-08:00,C8:5B:DF:4A:E0:24,1,movement
2026-01-24T20:52:21-08:00,C8:5B:DF:4A:E0:24,1,movement
2026-01-24T20:53:26-08:00,C8:5B:DF:4A:E0:24,1,movement
2026-01-24T20:54:29-08:00,C8:5B:DF:4A:E0:24,1,movement
2026-01-24T20:55:36-08:00,C8:5B:DF:4A:E0:24,1,movement
2026-01-24T20:56:40-08:00,C8:5B:DF:4A:E0:24,1,movement
2026-01-24T20:57:45-08:00,C8:5B:DF:4A:E0:24,1,movement
2026-01-24T20:58:48-08:00,C8:5B:DF:4A:E0:24,1,movement
2026-01-24T20:59:52-08:00,C8:5B:DF:4A:E0:24,1,movement
2026-01-24T21:00:59-08:00,C8:5B:DF:4A:E0:24,1,movement
2026-01-24T21:02:02-08:00,C8:5B:DF:4A:E0:24,1,movement
2026-01-24T21:03:07-08:00,C8:5B:DF:4A:E0:24,1,movement
2026-01-24T21:04:11-08:00,C8:5B:DF:4A:E0:24,1,movement
2026-01-24T21:05:26-08:00,C8:5B:DF:4A:E0:24,1,movement
2026-01-24T21:06:32-08:00,C8:5B:DF:4A:E0:24,1,movement
2026-01-24T21:07:38-08:00,C8:5B:DF:4A:E0:24,1,movement
2026-01-24T21:08:43-08:00,C8:5B:DF:4A:E0:24,1,movement
2026-01-24T21:09:47-08:00,C8:5B:DF:4A:E0:24,1,movement
2026-01-24T21:10:52-08:00,C8:5B:DF:4A:E0:24,1,movement
2026-01-24T21:11:57-08:00,C8:5B:DF:4A:E0:24,1,movement
2026-01-24T21:13:01-08:00,C8:5B:DF:4A:E0:24,1,movement
2026-01-24T21:14:05-08:00,C8:5B:DF:4A:E0:24,1,movement
2026-01-24T21:15:26-08:00,C8:5B:DF:4A:E0:24,1,movement
2026-01-24T21:16:31-08:00,C8:5B:DF:4A:E0:24,1,movement
2026-01-24T21:17:36-08:00,C8:5B:DF:4A:E0:24,1,movement
2026-01-24T21:18:40-08:00,C8:5B:DF:4A:E0:24,1,movement
2026-01-24T21:19:44-08:00,C8:5B:DF:4A:E0:24,1,movement
2026-01-24T21:20:48-08:00,C8:5B:DF:4A:E0:24,1,movement
2026-01-24T21:21:51-08:00,C8:5B:DF:4A:E0:24,1,movement
2026-01-24T21:22:55-08:00,C8:5B:DF:4A:E0:24,1,movement
2026-01-24T21:24:01-08:00,C8:5B:DF:4A:E0:24,1,movement
2026-01-24T21:25:14-08:00,C8:5B:DF:4A:E0:24,1,movement
2026-01-24T21:26:17-08:00,C8:5B:DF:4A:E0:24,1,movement
2026-01-24T21:27:22-08:00,C8:5B:DF:4A:E0:24,1,movement
2026-01-24T21:28:25-08:00,C8:5B:DF:4A:E0:24,1,movement
2026-01-24T21:29:29-08:00,C8:5B:DF:4A:E0:24,1,movement
2026-01-24T21:30:32-08:00,C8:5B:DF:4A:E0:24,1,movement
2026-01-24T21:31:38-08:00,C8:5B:DF:4A:E0:24,1,movement
2026-01-24T21:32:42-08:00,C8:5B:DF:4A:E0:24,1,movement
2026-01-24T21:33:46-08:00,C8:5B:DF:4A:E0:24,1,movement
2026-01-24T21:34:49-08:00,C8:5B:DF:4A:E0:24,1,movement
2026-01-24T21:35:55-08:00,C8:5B:DF:4A:E0:24,1,movement
2026-01-24T21:36:59-08:00,C8:5B:DF:4A:E0:24,1,movement
2026-01-24T21:38:02-08:00,C8:5B:DF:4A:E0:24,1,movement
2026-01-24T21:39:06-08:00,C8:5B:DF:4A:E0:24,1,movement
2026-01-24T21:40:10-08:00,C8:5B:DF:4A:E0:24,1,movement
2026-01-24T21:41:14-08:00,C8:5B:DF:4A:E0:24,1,movement
2026-01-24T21:42:17-08:00,C8:5B:DF:4A:E0:24,1,movement
2026-01-24T21:43:21-08:00,C8:5B:DF:4A:E0:24,1,movement
2026-01-24T21:44:24-08:00,C8:5B:DF:4A:E0:24,1,movement
2026-01-24T21:45:28-08:00,C8:5B:DF:4A:E0:24,1,movement
2026-01-24T21:46:32-08:00,C8:5B:DF:4A:E0:24,1,movement
2026-01-24T21:47:35-08:00,C8:5B:DF:4A:E0:24,1,movement
2026-01-24T21:48:39-08:00,C8:5B:DF:4A:E0:24,1,movement
2026-01-24T21:49:42-08:00,C8:5B:DF:4A:E0:24,1,movement
2026-01-24T21:50:46-08:00,C8:5B:DF:4A:E0:24,1,movement
2026-01-24T21:51:50-08:00,C8:5B:DF:4A:E0:24,1,movement
2026-01-24T21:52:53-08:00,C8:5B:DF:4A:E0:24,1,movement
2026-01-24T21:53:56-08:00,C8:5B:DF:4A:E0:24,1,movement
2026-01-24T21:55:01-08:00,C8:5B:DF:4A:E0:24,1,movement
2026-01-24T21:56:06-08:00,C8:5B:DF:4A:E0:24,1,movement
2026-01-24T21:57:10-08:00,C8:5B:DF:4A:E0:24,1,movement
2026-01-24T21:58:14-08:00,C8:5B:DF:4A:E0:24,1,movement
2026-01-24T21:59:17-08:00,C8:5B:DF:4A:E0:24,1,movement
2026-01-24T22:00:20-08:00,C8:5B:DF:4A:E0:24,1,movement
2026-01-24T22:01:24-08:00,C8:5B:DF:4A:E0:24,1,movement
2026-01-24T22:02:27-08:00,C8:5B:DF:4A:E0:24,1,movement
2026-01-24T22:03:32-08:00,C8:5B:DF:4A:E0:24,1,movement
2026-01-24T22:04:36-08:00,C8:5B:DF:4A:E0:24,1,movement
2026-01-24T22:05:43-08:00,C8:5B:DF:4A:E0:24,1,movement
2026-01-24T22:06:47-08:00,C8:5B:DF:4A:E0:24,1,movement
2026-01-24T22:07:51-08:00,C8:5B:DF:4A:E0:24,1,movement
2026-01-24T22:08:54-08:00,C8:5B:DF:4A:E0:24,1,movement
2026-01-24T22:09:58-08:00,C8:5B:DF:4A:E0:24,1,movement
2026-01-24T22:11:01-08:00,C8:5B:DF:4A:E0:24,1,movement
2026-01-24T22:12:04-08:00,C8:5B:DF:4A:E0:24,1,movement
2026-01-24T22:13:07-08:00,C8:5B:DF:4A:E0:24,1,movement
2026-01-24T22:14:10-08:00,C8:5B:DF:4A:E0:24,1,movement
2026-01-24T22:15:25-08:00,C8:5B:DF:4A:E0:24,1,movement
2026-01-24T22:16:31-08:00,C8:5B:DF:4A:E0:24,1,movement
2026-01-24T22:17:36-08:00,C8:5B:DF:4A:E0:24,1,movement
2026-01-24T22:18:40-08:00,C8:5B:DF:4A:E0:24,1,movement
2026-01-24T22:19:44-08:00,C8:5B:DF:4A:E0:24,1,movement
2026-01-24T22:20:47-08:00,C8:5B:DF:4A:E0:24,1,movement
2026-01-24T22:21:51-08:00,C8:5B:DF:4A:E0:24,1,movement
2026-01-24T22:22:54-08:00,C8:5B:DF:4A:E0:24,1,movement
2026-01-24T22:23:57-08:00,C8:5B:DF:4A:E0:24,1,movement
2026-01-24T22:25:01-08:00,C8:5B:DF:4A:E0:24,1,movement
2026-01-24T22:26:05-08:00,C8:5B:DF:4A:E0:24,1,movement
2026-01-24T22:27:08-08:00,C8:5B:DF:4A:E0:24,1,movement
2026-01-24T22:28:12-08:00,C8:5B:DF:4A:E0:24,1,movement
2026-01-24T22:29:15-08:00,C8:5B:DF:4A:E0:24,1,movement
2026-01-24T22:30:18-08:00,C8:5B:DF:4A:E0:24,1,movement
2026-01-24T22:31:21-08:00,C8:5B:DF:4A:E0:24,1,movement
2026-01-24T22:32:24-08:00,C8:5B:DF:4A:E0:24,1,movement
2026-01-24T22:33:27-08:00,C8:5B:DF:4A:E0:24,1,movement
2026-01-24T22:34:30-08:00,C8:5B:DF:4A:E0:24,1,movement
2026-01-24T22:35:33-08:00,C8:5B:DF:4A:E0:24,1,movement
2026-01-24T22:36:37-08:00,C8:5B:DF:4A:E0:24,1,movement
2026-01-24T22:37:40-08:00,C8:5B:DF:4A:E0:24,1,movement
2026-01-24T22:38:43-08:00,C8:5B:DF:4A:E0:24,1,movement
2026-01-24T22:39:46-08:00,C8:5B:DF:4A:E0:24,1,movement
2026-01-24T22:40:49-08:00,C8:5B:DF:4A:E0:24,1,movement
2026-01-24T22:41:51-08:00,C8:5B:DF:4A:E0:24,1,movement
2026-01-24T22:42:54-08:00,C8:5B:DF:4A:E0:24,1,movement
2026-01-24T22:44:00-08:00,C8:5B:DF:4A:E0:24,1,movement
2026-01-24T22:45:02-08:00,C8:5B:DF:4A:E0:24,1,movement
2026-01-24T22:46:08-08:00,C8:5B:DF:4A:E0:24,1,movement
2026-01-24T22:47:11-08:00,C8:5B:DF:4A:E0:24,1,movement
2026-01-24T22:48:13-08:00,C8:5B:DF:4A:E0:24,1,movement
2026-01-24T22:49:16-08:00,C8:5B:DF:4A:E0:24,1,movement
2026-01-24T22:50:19-08:00,C8:5B:DF:4A:E0:24,1,movement
2026-01-24T22:51:21-08:00,C8:5B:DF:4A:E0:24,1,movement
2026-01-24T22:52:24-08:00,C8:5B:DF:4A:E0:24,1,movement
2026-01-24T22:53:28-08:00,C8:5B:DF:4A:E0:24,1,movement
2026-01-24T22:54:31-08:00,C8:5B:DF:4A:E0:24,1,movement
2026-01-24T22:55:36-08:00,C8:5B:DF:4A:E0:24,1,movement
2026-01-24T22:56:39-08:00,C8:5B:DF:4A:E0:24,1,movement
2026-01-24T22:57:42-08:00,C8:5B:DF:4A:E0:24,1,movement
2026-01-24T22:58:45-08:00,C8:5B:DF:4A:E0:24,1,movement
2026-01-24T22:59:47-08:00,C8:5B:DF:4A:E0:24,1,movement
2026-01-24T23:00:50-08:00,C8:5B:DF:4A:E0:24,1,movement
2026-01-24T23:01:53-08:00,C8:5B:DF:4A:E0:24,1,movement
2026-01-24T23:02:58-08:00,C8:5B:DF:4A:E0:24,1,movement
2026-01-24T23:04:01-08:00,C8:5B:DF:4A:E0:24,1,movement
2026-01-24T23:05:14-08:00,C8:5B:DF:4A:E0:24,1,movement
2026-01-24T23:06:17-08:00,C8:5B:DF:4A:E0:24,1,movement
2026-01-24T23:07:19-08:00,C8:5B:DF:4A:E0:24,1,movement
2026-01-24T23:08:22-08:00,C8:5B:DF:4A:E0:24,1,movement
2026-01-24T23:09:25-08:00,C8:5B:DF:4A:E0:24,1,movement
2026-01-24T23:10:27-08:00,C8:5B:DF:4A:E0:24,1,movement
2026-01-24T23:11:30-08:00,C8:5B:DF:4A:E0:24,1,movement
2026-01-24T23:12:33-08:00,C8:5B:DF:4A:E0:24,1,movement
2026-01-24T23:13:37-08:00,C8:5B:DF:4A:E0:24,1,movement
2026-01-24T23:14:41-08:00,C8:5B:DF:4A:E0:24,1,movement
2026-01-24T23:15:43-08:00,C8:5B:DF:4A:E0:24,1,movement
2026-01-24T23:16:49-08:00,C8:5B:DF:4A:E0:24,1,movement
2026-01-24T23:17:52-08:00,C8:5B:DF:4A:E0:24,1,movement
2026-01-24T23:18:58-08:00,C8:5B:DF:4A:E0:24,1,movement
2026-01-24T23:20:04-08:00,C8:5B:DF:4A:E0:24,1,movement
2026-01-24T23:21:06-08:00,C8:5B:DF:4A:E0:24,1,movement
2026-01-24T23:22:09-08:00,C8:5B:DF:4A:E0:24,1,movement
2026-01-24T23:23:12-08:00,C8:5B:DF:4A:E0:24,1,movement
2026-01-24T23:24:17-08:00,C8:5B:DF:4A:E0:24,1,movement
2026-01-24T23:25:26-08:00,C8:5B:DF:4A:E0:24,1,movement
2026-01-24T23:26:30-08:00,C8:5B:DF:4A:E0:24,1,movement
2026-01-24T23:27:35-08:00,C8:5B:DF:4A:E0:24,1,movement
2026-01-24T23:28:38-08:00,C8:5B:DF:4A:E0:24,1,movement
2026-01-24T23:29:44-08:00,C8:5B:DF:4A:E0:24,1,movement
2026-01-24T23:30:47-08:00,C8:5B:DF:4A:E0:24,1,movement
2026-01-24T23:31:52-08:00,C8:5B:DF:4A:E0:24,1,movement
2026-01-24T23:32:58-08:00,C8:5B:DF:4A:E0:24,1,movement
2026-01-24T23:34:04-08:00,C8:5B:DF:4A:E0:24,1,movement
2026-01-24T23:35:12-08:00,C8:5B:DF:4A:E0:24,1,movement
2026-01-24T23:36:15-08:00,C8:5B:DF:4A:E0:24,1,movement
2026-01-24T23:37:18-08:00,C8:5B:DF:4A:E0:24,1,movement
2026-01-24T23:38:24-08:00,C8:5B:DF:4A:E0:24,1,movement
2026-01-24T23:39:26-08:00,C8:5B:DF:4A:E0:24,1,movement
2026-01-24T23:40:32-08:00,C8:5B:DF:4A:E0:24,1,movement
2026-01-24T23:41:35-08:00,C8:5B:DF:4A:E0:24,1,movement
2026-01-24T23:42:37-08:00,C8:5B:DF:4A:E0:24,1,movement
2026-01-24T23:43:43-08:00,C8:5B:DF:4A:E0:24,1,movement
2026-01-24T23:44:46-08:00,C8:5B:DF:4A:E0:24,1,movement
2026-01-24T23:45:49-08:00,C8:5B:DF:4A:E0:24,1,movement
2026-01-24T23:46:52-08:00,C8:5B:DF:4A:E0:24,1,movement
2026-01-24T23:47:58-08:00,C8:5B:DF:4A:E0:24,1,movement
2026-01-24T23:49:00-08:00,C8:5B:DF:4A:E0:24,1,movement
2026-01-24T23:50:07-08:00,C8:5B:DF:4A:E0:24,1,movement
2026-01-24T23:51:13-08:00,C8:5B:DF:4A:E0:24,1,movement
2026-01-24T23:52:18-08:00,C8:5B:DF:4A:E0:24,1,movement
2026-01-24T23:53:21-08:00,C8:5B:DF:4A:E0:24,1,movement
2026-01-24T23:54:27-08:00,C8:5B:DF:4A:E0:24,1,movement
2026-01-24T23:55:30-08:00,C8:5B:DF:4A:E0:24,1,movement
2026-01-24T23:56:35-08:00,C8:5B:DF:4A:E0:24,1,movement
2026-01-24T23:57:38-08:00,C8:5B:DF:4A:E0:24,1,movement
2026-01-24T23:58:40-08:00,C8:5B:DF:4A:E0:24,1,movement
2026-01-24T23:59:46-08:00,C8:5B:DF:4A:E0:24,1,movement
2026-01-25T00:00:49-08:00,C8:5B:DF:4A:E0:24,1,movement
2026-01-25T00:01:54-08:00,C8:5B:DF:4A:E0:24,1,movement
2026-01-25T00:03:00-08:00,C8:5B:DF:4A:E0:24,1,movement
2026-01-25T00:04:03-08:00,C8:5B:DF:4A:E0:24,1,movement
2026-01-25T00:05:17-08:00,C8:5B:DF:4A:E0:24,1,movement
2026-01-25T00:06:20-08:00,C8:5B:DF:4A:E0:24,1,movement
2026-01-25T00:07:26-08:00,C8:5B:DF:4A:E0:24,1,movement
2026-01-25T00:08:32-08:00,C8:5B:DF:4A:E0:24,1,movement
2026-01-25T00:09:38-08:00,C8:5B:DF:4A:E0:24,1,movement
2026-01-25T00:10:41-08:00,C8:5B:DF:4A:E0:24,1,movement
2026-01-25T00:11:43-08:00,C8:5B:DF:4A:E0:24,1,movement
2026-01-25T00:12:49-08:00,C8:5B:DF:4A:E0:24,1,movement
2026-01-25T00:13:55-08:00,C8:5B:DF:4A:E0:24,1,movement
2026-01-25T00:15:01-08:00,C8:5B:DF:4A:E0:24,1,movement
2026-01-25T00:16:05-08:00,C8:5B:DF:4A:E0:24,1,movement
2026-01-25T00:17:16-08:00,C8:5B:DF:4A:E0:24,1,movement
2026-01-25T00:18:21-08:00,C8:5B:DF:4A:E0:24,1,movement
2026-01-25T00:19:24-08:00,C8:5B:DF:4A:E0:24,1,movement
2026-01-25T00:20:30-08:00,C8:5B:DF:4A:E0:24,1,movement
2026-01-25T00:21:35-08:00,C8:5B:DF:4A:E0:24,1,movement
2026-01-25T00:22:41-08:00,C8:5B:DF:4A:E0:24,1,movement
2026-01-25T00:23:47-08:00,C8:5B:DF:4A:E0:24,1,movement
2026-01-25T00:24:53-08:00,C8:5B:DF:4A:E0:24,1,movement
2026-01-25T00:25:56-08:00,C8:5B:DF:4A:E0:24,1,movement
2026-01-25T00:26:59-08:00,C8:5B:DF:4A:E0:24,1,movement
2026-01-25T00:28:05-08:00,C8:5B:DF:4A:E0:24,1,movement
2026-01-25T00:29:11-08:00,C8:5B:DF:4A:E0:24,1,movement
